mo_code,description,mo_type
0100,Suspect Impersonate,General MO
0101,Aid victim,General MO
0102,Blind,General MO
0103,Physically disabled,General MO
0104,Customer,General MO
0105,Delivery,General MO
0106,Doctor,General MO
0107,God,General MO
0108,Infirm,General MO
0109,Inspector,General MO
0110,Involved in traffic/accident,General MO
0112,Police,General MO
0113,Renting,General MO
0114,Repair Person,General MO
0115,Returning stolen property,General MO
0116,Satan,General MO
0117,Salesman,General MO
0118,Seeking someone,General MO
0119,Sent by owner,General MO
0120,Social Security/Medicare,General MO
0121,DWP/Gas Company/Utility worker,General MO
0122,Contractor,General MO
0123,Gardener/Tree Trimmer,General MO
0200,Suspect wore disguise,General MO
0201,Bag,General MO
0202,Cap/hat,General MO
0203,Cloth (with eyeholes),General MO
0204,Clothes of opposite sex,General MO
0205,Earring,General MO
0206,Gloves,General MO
0207,Handkerchief,General MO
0208,Halloween mask,General MO
0209,Mask,General MO
0210,Make up (males only),General MO
0211,Shoes,General MO
0212,Nude/partly nude,General MO
0213,Ski mask,General MO
0214,Stocking,General MO
0215,Unusual clothes,General MO
0216,Suspect wore hood/hoodie,General MO
0217,Uniform,General MO
0218,Wig,General MO
0219,Mustache-Fake,General MO
0220,Suspect wore motorcycle helmet,General MO
0301,Escaped on (used) transit train,General MO
0302,Aimed gun,General MO
0303,Ambushed,General MO
0304,Ate/drank on premises,General MO
0305,Attacks from rear,General MO
0306,Crime on upper floor,General MO
0307,Defecated/urinated,General MO
0308,Demands jewelry,General MO
0309,Drive-by shooting,General MO
0310,Got victim to withdraw savings,General MO
0311,Graffiti,General MO
0312,Gun in waistband,General MO
0313,Hid in building,General MO
0314,Hot Prowl,General MO
0315,Jumped counter/goes behind counter,General MO
0316,Makes victim give money,General MO
0317,Pillowcase/suitcase,General MO
0318,Prepared exit,General MO
0319,Profanity Used,General MO
0320,Quiet polite,General MO
0321,Ransacked,General MO
0322,Smashed display case,General MO
0323,Smoked on premises,General MO
0324,Takes money from register,General MO
0325,Took merchandise,General MO
0326,Used driver,General MO
0327,Used lookout,General MO
0328,Used toilet,General MO
0329,Vandalized,General MO
0330,Victims vehicle taken,General MO
0331,Mailbox Bombing,General MO
0332,Mailbox Vandalism,General MO
0333,Used hand held radios,General MO
0334,Brandishes weapon,General MO
0335,Cases location,General MO
0336,Chain snatch,General MO
0337,Demands money,General MO
0338,Disables Telephone,General MO
0339,Disables video camera,General MO
0340,Suspect follows victim/follows victim home,General MO
0341,Makes vict lie down,General MO
0342,Multi-susps overwhelm,General MO
0343,Orders vict to rear room,General MO
0344,Removes vict property,General MO
0345,Riding bike,General MO
0346,Snatch property and runs,General MO
0347,Stalks vict,General MO
0348,Takeover other,General MO
0349,Takes mail,General MO
0350,Concealed victim's body,General MO
0351,Disabled Security,General MO
0352,Took Victim's clothing or jewelry,General MO
0353,Weapon Concealed,General MO
0354,Suspect takes car keys,General MO
0355,Demanded property other than money,General MO
0356,Suspect spits on victim,General MO
0357,Cuts or breaks purse strap,General MO
0358,Forces Entry,General MO
0359,Made unusual statement,General MO
0360,Suspect is Other Family Member,General MO
0361,Suspect is neighbor,General MO
0362,Suspect attempts to carry victim away,General MO
0363,Home invasion,General MO
0364,Suspect is babysitter,General MO
0365,Takeover robbery,General MO
0366,Ordered vict to open safe,General MO
0367,Was Transit Patrol,General MO
0368,Suspect speaks foreign language,General MO
0369,Suspect speaks spanish,General MO
0370,Frisks victim/pats down victim/searches victim,General MO
0371,Gang affiliation questions asked/made gang statement,General MO
0372,Photographed victim/took pictures of victim,General MO
0373,Physicall disabled/in wheelchair,General MO
0374,Gang signs/threw gang signs using hands,General MO
0375,Removes cash register,General MO
0376,Makes victim kneel,General MO
0377,Takes vict's identification/driver license,General MO
0378,Brings own bag,General MO
0379,Turns off lights/electricity,General MO
0380,Distracts Victim,General MO
0381,Suspect apologizes,General MO
0382,Removed money/property from safe,General MO
0383,Suspect entered during open house/party/estate/yard sale,General MO
0384,Suspect removed drugs from location,General MO
0385,Suspect removed parts from vehicle,General MO
0386,Suspect removed property from trunk of vehicle,General MO
0387,Weapon (other than gun) in waistband,General MO
0388,Suspect points laser at plane/helicopter,General MO
0389,Knock-knock,General MO
0390,Purse snatch,General MO
0391,Used demand note,General MO
0392,False Emergency Reporting,General MO
0393,911 Abuse,General MO
0394,"Susp takes UPS, Fedex, USPS packages",General MO
0395,Murder/Suicide,General MO
0396,Used paper plates to disguise license number,General MO
0397,"Cut lock (to bicycle, gate, etc.",General MO
0398,"Roof access (remove A/C, equip, etc.)",General MO
0399,Vehicle to Vehicle shooting,General MO
0400,Force used,General MO
0401,Bit,General MO
0402,Blindfolded,General MO
0403,"Bomb Threat, Bomb found",General MO
0404,"Bomb Threat, no bomb",General MO
0405,Bound,General MO
0406,Brutal Assault,General MO
0407,Burned Victim,General MO
0408,Choked/uses choke hold/Strangulation,General MO
0409,Cover mouth w/hands,General MO
0410,Covered victim's face,General MO
0411,Cut/stabbed,General MO
0412,Disfigured,General MO
0413,Drugged,General MO
0414,Gagged,General MO
0415,Handcuffed/Metal,General MO
0416,Hit-Hit w/ weapon,General MO
0417,Kicked,General MO
0418,Kidnapped,General MO
0419,Pulled victims hair,General MO
0420,Searched,General MO
0421,Threaten to kill,General MO
0422,Threaten Victims family,General MO
0423,Tied victim to object,General MO
0424,Tore clothes off victim,General MO
0425,Tortured,General MO
0426,Twisted arm,General MO
0427,Whipped,General MO
0428,Dismembered,General MO
0429,Vict knocked to ground,General MO
0430,Vict shot,General MO
0431,Sprayed with chemical,General MO
0432,Intimidation,General MO
0433,Makes victim kneel,General MO
0434,Bed Sheets/Linens,General MO
0435,Chain,General MO
0436,Clothing,General MO
0437,Flexcuffs/Plastic Tie,General MO
0438,Rope/Cordage,General MO
0439,Tape/Electrical etc...,General MO
0440,Telephone/Electric Cord,General MO
0441,Wire,General MO
0442,Active Shooter/Armed person who has used deadly physical force on other,General MO
0443,Threaten to harm victim (other than kill),General MO
0444,Pushed,General MO
0445,Suspect swung weapon,General MO
0446,Suspect swung fist,General MO
0447,Suspect threw object at victim,General MO
0448,Grabbed,General MO
0449,Put a weapon to body,General MO
0450,Suspect shot at victim (no hits),General MO
0451,Suffocation,General MO
0500,Sex related acts,General MO
0501,Susp ejaculated outside victim,General MO
0502,Fecal Fetish,General MO
0503,Fondle victim,General MO
0504,Forced to disrobe,General MO
0505,Forced to fondle suspect,General MO
0506,Forced to masturbate suspect,General MO
0507,Forced to orally copulate suspect,General MO
0508,"Hit victim prior, during, after act",General MO
0509,Hugged,General MO
0510,Kissed victims body/face,General MO
0511,Masochism/bondage,General MO
0512,Orally copulated victim,General MO
0513,Photographed victim,General MO
0514,Pornography,General MO
0515,"Put hand, finger or object into vagina",General MO
0516,Reached climax/ejaculated,General MO
0517,Sadism/Sexual gratification obtained by infliction of physical or mental pain on others,General MO
0518,Simulated intercourse,General MO
0519,Sodomy,General MO
0520,Solicited/offered immoral act,General MO
0521,Tongue or mouth to anus,General MO
0522,Touched,General MO
0523,Unable to get erection,General MO
0524,Underwear Fetish,General MO
0525,Urinated,General MO
0526,Utilized Condom,General MO
0527,Actual Intercourse,General MO
0528,Masturbate,General MO
0529,Indecent Exposure,General MO
0530,Used lubricant,General MO
0531,Suspect made sexually suggestive remarks,General MO
0532,Suspect undressed victim,General MO
0533,Consentual Sex,General MO
0534,Suspect in vehicle nude/partially nude,General MO
0535,Suspect asks minor's name,General MO
0536,Suspect removes own clothing,General MO
0537,Suspect removes victim's clothing,General MO
0538,Suspect fondles self,General MO
0539,Suspect puts hand in victim's rectum,General MO
0540,Suspect puts finger(s) in victim's rectum,General MO
0541,Suspect puts object(s) in victim's rectum,General MO
0542,Orders victim to undress,General MO
0543,Orders victim to fondle suspect,General MO
0544,Orders victim to fondle self,General MO
0545,Male Victim of sexual assault,General MO
0546,Susp instructs vict to make certain statements,General MO
0547,Suspect force vict to bathe/clean/wipe,General MO
0548,Suspect gives victim douche/enema,General MO
0549,Suspect ejaculates in victims mouth,General MO
0550,Suspect licks victim,General MO
0551,Suspect touches victim genitalia/genitals over clothing,General MO
0552,Suspect is Victim's Father,General MO
0553,Suspect is Victim's Mother,General MO
0554,Suspect is Victim's Brother,General MO
0555,Suspect is Victim's Sister,General MO
0556,Suspect is Victim's Step-Father,General MO
0557,Suspect is Victim's Step-Mother,General MO
0558,Suspect is Victim's Uncle,General MO
0559,Suspect is Victim's Aunt,General MO
0560,Suspect is Victim's Guardian,General MO
0561,Suspect is Victim's Son,General MO
0562,Suspect is Victim's Daughter,General MO
0563,"Fetish, Other",General MO
0601,Business,General MO
0602,Family,General MO
0603,Landlord/Tenant/Neighbor,General MO
0604,Reproductive Health Services/Facilities,General MO
0605,Traffic Accident/Traffic related incident,General MO
0701,THEFT: Trick or Device,General MO
0800,BUNCO,General MO
0901,Organized Crime,General MO
0902,Political Activity,General MO
0903,Hatred/Prejudice,General MO
0904,Strike/Labor Troubles,General MO
0905,Terrorist Group,General MO
0906,Gangs,General MO
0907,Narcotics (Buy-Sell-Rip),General MO
0908,Prostitution,General MO
0909,Ritual/Occult,General MO
0910,"Public Transit (Metrolink/Train Station,Metro Rail Red,Line Subway Station,",General MO
0911,Revenge,General MO
0912,Insurance,General MO
0913,Victim knew Suspect,General MO
0914,Other Felony,General MO
0915,Parolee,General MO
0916,Forced theft of vehicle (Car-Jacking),General MO
0917,Victim's Employment,General MO
0918,Career Criminal,General MO
0919,Road Rage,General MO
0920,Homeland Security,General MO
0921,Hate Incident,General MO
0922,ATM Theft with PIN number,General MO
0923,Stolen/Forged Checks (Personal Checks),General MO
0924,Stolen/Forged Checks (Business Checks),General MO
0925,Stolen/Forged Checks (Cashier's Checks),General MO
0926,Forged or Telephonic Prescription,General MO
0927,Fraudulent or forged school loan,General MO
0928,Forged or Fraudulent credit applications,General MO
0929,Unauthorized use of victim's bank account information,General MO
0930,Unauthorized use of victim's credit/debit card or number,General MO
0931,Counterfeit or forged real estate documents,General MO
0932,Suspect uses victim's identity in reporting a traffic collision,General MO
0933,Suspect uses victim's identity when arrested,General MO
0934,Suspect uses victim's identity when receiving a citation,General MO
0935,Misc. Stolen/Forged documents,General MO
0936,Dog Fighting,General MO
0937,Cock Fighting,General MO
0938,Animal Neglect,General MO
0939,Animal Hoarding,General MO
0940,Met online/Chat Room/on Party Line,General MO
0941,Non-Revocable Parole (NRP),General MO
0942,Party/Flier party/Rave Party,General MO
0943,Human Trafficking,General MO
0944,Bait Operation,General MO
0945,Estes Robbery,General MO
0946,Gang Feud,General MO
0947,"Motorized Rental Scooter/Bike (Bird, Lime, etc).",General MO
1000,Suspects offers/solicits,General MO
1001,Aid for vehicle,General MO
1002,Amusement,General MO
1003,appraise,General MO
1004,Assistant,General MO
1005,Audition,General MO
1006,Bless,General MO
1007,Candy,General MO
1008,Cigarette,General MO
1009,Directions,General MO
1010,Drink (not liquor),General MO
1011,Employment,General MO
1012,Find a job,General MO
1013,Food,General MO
1014,Game,General MO
1015,Gift,General MO
1016,Hold for safekeeping,General MO
1017,Information,General MO
1018,Liquor,General MO
1019,Money,General MO
1020,Narcotics                                          ,General MO
1021,Repair,General MO
1022,Ride,General MO
1023,Subscriptions,General MO
1024,Teach,General MO
1025,Train,General MO
1026,Use the phone or toilet,General MO
1027,Change,General MO
1028,Suspect solicits time of day,General MO
1100,Shots Fired,General MO
1101,Shots Fired (Animal) - Animal Services,General MO
1201,Absent-advertised in paper,General MO
1202,Victim was aged (60 & over) or blind/physically disabled/unable to care for self,General MO
1203,Victim of crime past 12 months,General MO
1204,Moving,General MO
1205,On Vacation/Tourist,General MO
1206,Under influence drugs/liquor,General MO
1207,Hitchhiker,General MO
1208,Victim was undocumented alien,General MO
1209,"Salesman, Jewelry",General MO
1210,"Professional (doctor, Lawyer, etc.)",General MO
1211,Public Official,General MO
1212,LA Police Officer,General MO
1213,LA Fireman,General MO
1214,"Banking, ATM",General MO
1215,Prostitute,General MO
1216,Sales,General MO
1217,Teenager(Use if victim's age is unknown),General MO
1218,Victim was Homeless/Transient,General MO
1219,Nude,General MO
1220,Partially Nude,General MO
1221,Missing Clothing/Jewelry,General MO
1222,Victim was gay,General MO
1223,Riding bike,General MO
1224,Drive-through (not merchant),General MO
1225,Stop sign/light,General MO
1226,Catering Truck Operator,General MO
1227,Delivery person,General MO
1228,Leaving Business Area,General MO
1229,Making bank drop,General MO
1230,Postal employee,General MO
1231,Taxi Driver,General MO
1232,"Bank, Arriving at",General MO
1233,"Bank, Leaving",General MO
1234,Bar Customer,General MO
1235,Bisexual/sexually oriented towards both sexes,General MO
1236,Clerk/Employer/Owner,General MO
1237,Victim was customer,General MO
1238,Victim was physically disabled,General MO
1239,Transgender,General MO
1240,Vehicle occupant/Passenger,General MO
1241,Spouse,General MO
1242,Parent,General MO
1243,Co-habitants,General MO
1244,Victim was forced into business,General MO
1245,Victim was forced into residence,General MO
1247,Opening business,General MO
1248,Closing business,General MO
1251,Victim was a student,General MO
1252,Victim was a street vendor,General MO
1253,Bus Driver,General MO
1254,Train Operator,General MO
1255,Followed Transit System,General MO
1256,Patron,General MO
1257,Victim is Newborn-5 years old,General MO
1258,Victim is 6 years old thru 13 years old,General MO
1259,Victim is 14 years old thru 17 years old,General MO
1260,Deaf/Hearing Impaired,General MO
1261,Victim was mentally challenged/mentally disabled,General MO
1262,Raped while unconscious,General MO
1263,Agricultural Target,General MO
1264,Pipeline,General MO
1265,Mailbox,General MO
1266,Victim was security guard,General MO
1267,Home under construction,General MO
1268,Victim was 5150/Mental Illness,General MO
1269,Victim was armored car driver,General MO
1270,Victim was gang member,General MO
1271,Victim was Law Enforcement (not LAPD),General MO
1272,Victim was at/leaving medical/retail/non-retail cannabis location,General MO
1273,Home was being fumigated,General MO
1274,Victim was Inmate/Incarcerated,General MO
1275,Vacant Residence/Building,General MO
1276,Pregnant,General MO
1277,Gardner,General MO
1278,Victim was Uber/Lyft driver,General MO
1279,Victim was Foster child,General MO
1280,Victim was Foster parent,General MO
1281,Victim was Pistol-whipped,General MO
1300,Vehicle involved,General MO
1301,Forced victim vehicle to curb,General MO
1302,Suspect forced way into victim's vehicle,General MO
1303,Hid in rear seat,General MO
1304,"Stopped victim vehicle by flagging down, forcing T/A, etc.",General MO
1305,Victim forced into vehicle,General MO
1306,"Victim parking, garaging vehicle",General MO
1307,Breaks window,General MO
1308,Drives by and snatches property,General MO
1309,Susp uses vehicle,General MO
1310,Victim in vehicle,General MO
1311,Victim removed from vehicle,General MO
1312,Suspect follows victim in vehicle,General MO
1313,Suspect exits vehicle and attacks pedestrian,General MO
1314,Victim loading vehicle,General MO
1315,Victim unloading vehicle,General MO
1316,Victim entering their vehicle,General MO
1317,Victim exiting their vehicle,General MO
1318,Suspect follows victim home,General MO
1401,Blood Stains,General MO
1402,Evidence Booked (any crime),General MO
1403,Fingerprints,General MO
1404,Footprints,General MO
1405,Left Note,General MO
1406,Tool Marks,General MO
1407,Bullets/Casings,General MO
1408,Bite Marks,General MO
1409,Clothes,General MO
1410,Gun Shot Residue,General MO
1411,Hair,General MO
1412,Jewelry,General MO
1413,Paint,General MO
1414,Photographs,General MO
1415,Rape Kit,General MO
1416,Saliva,General MO
1417,Semen,General MO
1418,Skeleton/Bones,General MO
1419,Firearm booked as evidence,General MO
1420,Video surveillance booked/available,General MO
1501,Other MO (see rpt),General MO
1505,Bias:  Mental Disability,General MO
1506,Bias:  Physical disability,General MO
1507,Bias : Anti-female,General MO
1508,Bias:  Anti-male,General MO
1509,Bias:  Anti-Gender non-conforming ,General MO
1510,Bias:  Anti-Transgender,General MO
1511,Bias:  Anti-American/Alaskan Native,General MO
1512,Bias:  Anti-Arab,General MO
1513,Bias:  Anti-Asian,General MO
1514,Bias:  AntI-Black or African American,General MO
1515,Bias:  Anti-Citizenship Status,General MO
1516,Bias:  Anti-Hispanic or Latino,General MO
1517,Bias:  Anti-Multiple Races (Group),General MO
1518,Bias:  Anti-Native Hawaiian or Other Pacific Islander,General MO
1519,Bias:  Anti-Other Race/Ethnicity/Ancestry,General MO
1520,Bias:  Anti-White,General MO
1521,Bias:  Anti-Atheism/Agnosticism,General MO
1522,Bias:  Anti-Buddhist,General MO
1523,Bias:  Anti-Catholic,General MO
1524,Bias:  Anti-Eastern Orthodox (Russian/Greek/Other),General MO
1525,Bias:  Anti-Hindu,General MO
1526,Bias:  Anti-Islamic (Muslim),General MO
1527,Bias:  Anti-Jehovah's Witness,General MO
1528,Bias:  Anti-Jewish,General MO
1529,Bias:  Anti-Mormon,General MO
1530,Bias:  Anti-Multiple Religions Group,General MO
1531,Bias:  Anti-Other Christian,General MO
1532,Bias:  Anti-Other Religion,General MO
1533,Bias:  Anti-Protestant,General MO
1534,Bias:  Anti-Sikh,General MO
1535,Bias:  Anti-Bisexual,General MO
1536,Bias:  Anti-Gay (Male),General MO
1537,Bias:  Anti-Heterosexual,General MO
1538,Bias:  Anti-Lesbian,General MO
1539,Bias:  Anti-Lesbian/Gay/Bisexual or Transgender (Mixed Group),General MO
1601,Bodily Force,General MO
1602,Cutting Tool,General MO
1603,Knob Twist,General MO
1604,Lock Box,General MO
1605,Lock slip/key/pick,General MO
1606,Open/unlocked,General MO
1607,Pried,General MO
1608,Removed,General MO
1609,Smashed,General MO
1610,Tunneled,General MO
1611,Shaved Key,General MO
1612,Punched/Pulled Door Lock,General MO
1701,Elder Abuse/Physical,General MO
1702,Elder Abuse/Financial,General MO
1801,Susp is/was mother's boyfriend,General MO
1802,Susp is/was victim's co-worker,General MO
1803,Susp is/was victim's employee,General MO
1804,Susp is/was victim's employer,General MO
1805,Susp is/was fellow gang member,General MO
1806,Susp is/was father's girlfriend,General MO
1807,Susp is/was priest/pastor,General MO
1808,Susp is/was other religious confidant,General MO
1809,Susp is/was rival gang member,General MO
1810,Susp is/was roommate,General MO
1811,Susp is/was victim's teacher/coach,General MO
1812,Susp is/was foster parent/sibling,General MO
1813,Susp is/was current/former spouse/co-habitant,General MO
1814,Susp is/was current/former boyfriend/girlfriend,General MO
1815,Susp was student,General MO
1816,Suspect is/was known gang member,General MO
1817,Acquaintance,General MO
1818,Caretaker/care-giver/nanny,General MO
1819,Common-law Spouse,General MO
1820,Friend,General MO
1821,Spouse,General MO
1822,Stranger,General MO
1823,Brief encounter/Date,General MO
1824,Classmate,General MO
1900,"Auction Fraud/eBay/cragslist,etc. (Internet based theft)",General MO
1901,Child Pornography/In possession of/Via computer,General MO
1902,Credit Card Fraud/Theft of services via internet,General MO
1903,Cyberstalking (Stalking using internet to commit the crime),General MO
1904,Denial of computer services,General MO
1905,Destruction of computer data,General MO
1906,Harrassing E-Mail/Text Message/Other Electronic Communications,General MO
1907,Hate Crime materials/printouts/e-mails,General MO
1908,Identity Theft via computer,General MO
1909,Introduction of virus or contaminants into computer system/program,General MO
1910,Minor solicited for sex via internet/Known minor,General MO
1911,Theft of computer data,General MO
1912,Threatening E-mail/Text Messages,General MO
1913,Suspect meets victim on internet/chatroom,General MO
1914,Unauthorized access to computer system,General MO
1915,Internet Extortion,General MO
1916,Victim paid by wire transfer,General MO
2000,Domestic violence,General MO
2001,Suspect on drugs,General MO
2002,Suspect intoxicated/drunk,General MO
2003,Suspect was 5150/mentally disabled,General MO
2004,Suspect is homeless/transient,General MO
2005,Suspect uses wheelchair,General MO
2006,Suspect was transgender,General MO
2007,Suspect was gay,General MO
2008,In possession of a Ballistic vest,General MO
2009,Suspect was Inmate/Incarcerated,General MO
2010,Suspect was Jailer/Police Officer,General MO
2011,Vendor (street or sidewalk),General MO
2012,"Suspect was costumed character (e.g., Barney, Darth Vader, Spiderman, etc.)",General MO
2013,Tour Bus/Van Operator,General MO
2014,Suspect was Uber/Lyft driver,General MO
2015,Suspect was Foster child,General MO
2016,Suspect was Train Operator,General MO
2017,Suspect was MTA Bus Driver,General MO
2018,Cannabis related,General MO
2019,Theft of animal (non-livestock),General MO
2020,Mistreatment of animal,General MO
2021,Suspect was Aged (60+over),General MO
2022,Suspect was Hitchhiker,General MO
2023,Suspect was Prostitute,General MO
2024,Suspect was Juvenile ,General MO
2025,Suspect was Bisexual,General MO
2026,Suspect was Deaf/hearing impaired,General MO
2027,Suspect was Pregnant,General MO
2028,Suspect was Repeat/known shoplifter,General MO
2029,Victim used profanity,General MO
2030,Victim used racial slurs,General MO
2031,Victim used hate-related language,General MO
2032,Victim left property unattended,General MO
2033,Victim refused to cooperate w/investigation,General MO
2034,Victim was asleep/unconscious,General MO
2035,Racial slurs,General MO
2036,Hate-related language,General MO
2037,"Temporary/Vacation rental (AirBnB, etc)",General MO
2038,Restraining order in place between suspect and victim,General MO
2039,"Victim was costumed character (e.g., Barney, Darth Vader, Spiderman, etc.)",General MO
2040,Threats via Social Media,General MO
2041,Harassment via Social Media,General MO
2042,Victim staying at short-term vacation rental,General MO
2043,Victim is owner of short-term vacation rental,General MO
2044,Suspect staying at short-term vacation rental,General MO
2045,Suspect is owner of short-term vacation rental,General MO
2046,"Suspect damaged property equal to or exceeding $25,000",General MO
2047,Victim was injured requiring transportation away from scene for medical reasons,General MO
2048,Victim was on transit platform,General MO
2049,Victim was passenger on bus,General MO
2050,Victim was passenger on train,General MO
2051,Suspect was passenger on bus,General MO
2052,Suspect was passenger on train,General MO
2053,Victim targeted based on religion,General MO
2054,Victim targeted based on sexual orientation,General MO
2055,Victim targeted based on Race/Ethnicity/Ancestry,General MO
2056,Victim targeted based on gender,General MO
2057,Victim targeted based on disability,General MO
2058,Victim targeted based on Gender Non-conforming,General MO
2059,Vict rptd sexual assault at time of arst for unrelated incident,General MO
2060,Victim inside tent,General MO
9999,Indistinctive MO,General MO
2100,Observation/Surveillance,Suspicious Activity MO (SAR Use Only)
2101,Counter Surveillance efforts,Suspicious Activity MO (SAR Use Only)
2102,Questions about-security procedures,Suspicious Activity MO (SAR Use Only)
2103,Appears to take measurements,Suspicious Activity MO (SAR Use Only)
2104,Photography (pics or video footage),Suspicious Activity MO (SAR Use Only)
2105,Draws diagrams or takes notes,Suspicious Activity MO (SAR Use Only)
2106,Abandons suspicious package/item,Suspicious Activity MO (SAR Use Only)
2107,Abandons vehicle restricted area,Suspicious Activity MO (SAR Use Only)
2108,Enters restricted area w/o authorization,Suspicious Activity MO (SAR Use Only)
2109,Testing or Probing of Security,Suspicious Activity MO (SAR Use Only)
2110,Contraband at security check point,Suspicious Activity MO (SAR Use Only)
2111,Susp purchase of legal materials,Suspicious Activity MO (SAR Use Only)
2112,Acquires restricted items/information,Suspicious Activity MO (SAR Use Only)
2113,Acquires illegal explosive/precur agents,Suspicious Activity MO (SAR Use Only)
2114,Acquires illegal chemical agent,Suspicious Activity MO (SAR Use Only)
2115,Acquires illegal biological agents,Suspicious Activity MO (SAR Use Only)
2116,Acquires illegal rediological material,Suspicious Activity MO (SAR Use Only)
2117,Uses explosives for illegal purposes,Suspicious Activity MO (SAR Use Only)
2118,Uses chemical agent illegally,Suspicious Activity MO (SAR Use Only)
2119,Uses biological agent illegally,Suspicious Activity MO (SAR Use Only)
2120,Uses radiological material illegally,Suspicious Activity MO (SAR Use Only)
2121,Acquires uniforms without legit reason,Suspicious Activity MO (SAR Use Only)
2122,Acquires official vehicle without legit reason,Suspicious Activity MO (SAR Use Only)
2123,Pursues training/education with suspect motives,Suspicious Activity MO (SAR Use Only)
2124,Large unexplained sum of currency,Suspicious Activity MO (SAR Use Only)
2125,Multiple passports/ID's/travel documents,Suspicious Activity MO (SAR Use Only)
2126,Expressed or Implied threats,Suspicious Activity MO (SAR Use Only)
2127,Brags about affiliation with extremist organization,Suspicious Activity MO (SAR Use Only)
2128,Coded conversation or transmission,Suspicious Activity MO (SAR Use Only)
2129,Overt support of terrorist network,Suspicious Activity MO (SAR Use Only)
2130,Uses Facsimile/Hoax explosive device (susp offer/solicts),Suspicious Activity MO (SAR Use Only)
2131,Uses Facsimile/Hoax dispersal device (susp offer/solicts),Suspicious Activity MO (SAR Use Only)
2135,Sensitive event schedules(susp offer/solicts),Suspicious Activity MO (SAR Use Only)
2136,VIP appearance or travel schedules (susp offer/solicts),Suspicious Activity MO (SAR Use Only)
2137,Security schedules (susp offer/solicts),Suspicious Activity MO (SAR Use Only)
2138,Blueprints/building plans (susp offer/solicts),Suspicious Activity MO (SAR Use Only)
2139,Evacuation or emergency plans (susp offer/solicts),Suspicious Activity MO (SAR Use Only)
2140,Security plans (susp offer/solicts),Suspicious Activity MO (SAR Use Only)
2141,Weapons or ammunition (susp offer/solicts),Suspicious Activity MO (SAR Use Only)
2142,Explosive materials(susp offer/solicts),Suspicious Activity MO (SAR Use Only)
2143,Illicit chemical agents (susp offer/solicts),Suspicious Activity MO (SAR Use Only)
2144,Illicit biological agents (susp offer/solicts),Suspicious Activity MO (SAR Use Only)
2145,Illicit radiological material (susp offer/solicts),Suspicious Activity MO (SAR Use Only)
2146,Other sensitive materials (susp offer/solicts) ,Suspicious Activity MO (SAR Use Only)
2150,Coded/ciphered literature/correspondence,Suspicious Activity MO (SAR Use Only)
2151,Sensitive event schedules (susp in possession),Suspicious Activity MO (SAR Use Only)
2152,VIP appearance or travel schedules (susp in possession),Suspicious Activity MO (SAR Use Only)
2153,Security schedules (susp in possession),Suspicious Activity MO (SAR Use Only)
2154,Blueprints/building plans (susp in possession),Suspicious Activity MO (SAR Use Only)
2155,Evacuation or emergency plans (susp in possession),Suspicious Activity MO (SAR Use Only)
2156,Security plans (susp in possession),Suspicious Activity MO (SAR Use Only)
2157,Weapons or ammunition (susp in possession),Suspicious Activity MO (SAR Use Only)
2158,Explosive materials (susp in possession),Suspicious Activity MO (SAR Use Only)
2159,Illicit chemical agents (susp in possession),Suspicious Activity MO (SAR Use Only)
2160,Illicit biological agents (susp in possession),Suspicious Activity MO (SAR Use Only)
2161,Illicit radiological material (susp in possession),Suspicious Activity MO (SAR Use Only)
2162,Other sensitive materials (susp in possession),Suspicious Activity MO (SAR Use Only)
2163,Facsimile/Hoax explosive device (susp in possession),Suspicious Activity MO (SAR Use Only)
2164,Facsimile/Hoax dispersal device (susp in possession),Suspicious Activity MO (SAR Use Only)
2170,Associates with known/susp terrorist,Suspicious Activity MO (SAR Use Only)
2171,Corresponds w/suspected terrorist,Suspicious Activity MO (SAR Use Only)
2172,In photos w/suspected terrorists,Suspicious Activity MO (SAR Use Only)
2173,Organization supports overthrow/violent acts,Suspicious Activity MO (SAR Use Only)
2180,Bomb/explosive device,Suspicious Activity MO (SAR Use Only)
2181,Biological agent,Suspicious Activity MO (SAR Use Only)
2182,Chemical agent,Suspicious Activity MO (SAR Use Only)
2183,Radiological matter,Suspicious Activity MO (SAR Use Only)
2184,Military ordinance,Suspicious Activity MO (SAR Use Only)
2185,Incendiary device,Suspicious Activity MO (SAR Use Only)
2186,Pyrotechnics,Suspicious Activity MO (SAR Use Only)
2187,Facsimile/Hoax device,Suspicious Activity MO (SAR Use Only)
2190,Financing terrorism,Suspicious Activity MO (SAR Use Only)
2191,Victim's religion,Suspicious Activity MO (SAR Use Only)
2192,Victim's national origin,Suspicious Activity MO (SAR Use Only)
2193,Influencing societal action,Suspicious Activity MO (SAR Use Only)
2194,Furthering objectives by force,Suspicious Activity MO (SAR Use Only)
2197,SSI - Food/Agriculture,Suspicious Activity MO (SAR Use Only)
2198,Pipeline,Suspicious Activity MO (SAR Use Only)
2199,SSI - Postal/Shipping/Mailbox,Suspicious Activity MO (SAR Use Only)
2200,SSI - Government Facilities/Bldg. ,Suspicious Activity MO (SAR Use Only)
2201,Church,Suspicious Activity MO (SAR Use Only)
2202,Synagogue,Suspicious Activity MO (SAR Use Only)
2203,University,Suspicious Activity MO (SAR Use Only)
2204,School,Suspicious Activity MO (SAR Use Only)
2205,Sports Venue,Suspicious Activity MO (SAR Use Only)
2206,Theater,Suspicious Activity MO (SAR Use Only)
2207,Amusement Park,Suspicious Activity MO (SAR Use Only)
2208,Shopping Mall,Suspicious Activity MO (SAR Use Only)
2209,Convention Center,Suspicious Activity MO (SAR Use Only)
2210,Mass Gathering Location,Suspicious Activity MO (SAR Use Only)
2211,Bridge,Suspicious Activity MO (SAR Use Only)
2212,High-Rise Building,Suspicious Activity MO (SAR Use Only)
2213,Airport,Suspicious Activity MO (SAR Use Only)
2214,Freight Train,Suspicious Activity MO (SAR Use Only)
2215,Train Tracks,Suspicious Activity MO (SAR Use Only)
2216,SSI - Chemical storage/Manufacturing plant,Suspicious Activity MO (SAR Use Only)
2217,SSI - Telecommunication Facility/Location,Suspicious Activity MO (SAR Use Only)
2218,SSI - Energy Plant/Facility,Suspicious Activity MO (SAR Use Only)
2219,SSI - Water Facility,Suspicious Activity MO (SAR Use Only)
2220,Sewage Facility/Pipe,Suspicious Activity MO (SAR Use Only)
2221,"SSI - Nuclear Facility, Reactors, Materials & Waste",Suspicious Activity MO (SAR Use Only)
2222,SSI - Dam/Reservoir,Suspicious Activity MO (SAR Use Only)
2223,SSI - National Monuments/Icon/Cultural significance,Suspicious Activity MO (SAR Use Only)
2224,Tactical significance,Suspicious Activity MO (SAR Use Only)
2225,SSI - Healthcare & Public Health/Hospital/Medical Clinic,Suspicious Activity MO (SAR Use Only)
2226,Abortion clinic,Suspicious Activity MO (SAR Use Only)
2227,SSI - Defense Industrial Base/Facility,Suspicious Activity MO (SAR Use Only)
2228,SSI - Transportation System,Suspicious Activity MO (SAR Use Only)
2229,SSI - Commercial Facilities,Suspicious Activity MO (SAR Use Only)
2230,SSI - Information Technology,Suspicious Activity MO (SAR Use Only)
2231,SSI - Banking and Finance,Suspicious Activity MO (SAR Use Only)
2232,SSI - Critical Manufacturing,Suspicious Activity MO (SAR Use Only)
2233,SSI - Emergency Services,Suspicious Activity MO (SAR Use Only)
2234,SSI - Waste,Suspicious Activity MO (SAR Use Only)
2301,Breach/Attempted Intrusion,Suspicious Activity MO (SAR Use Only)
2302,Misrepresentation,Suspicious Activity MO (SAR Use Only)
2303,Theft/Loss/Diversion,Suspicious Activity MO (SAR Use Only)
2304,Sabotage/Tampering/Vandalism,Suspicious Activity MO (SAR Use Only)
2305,Cyber Attack,Suspicious Activity MO (SAR Use Only)
2306,Espouses violent extremist views,Suspicious Activity MO (SAR Use Only)
2307,Aviation activity,Suspicious Activity MO (SAR Use Only)
2308,Eliciting information,Suspicious Activity MO (SAR Use Only)
2309,Recruiting,Suspicious Activity MO (SAR Use Only)
2310,Materials ,Suspicious Activity MO (SAR Use Only)
2311,Acquisition of expertise,Suspicious Activity MO (SAR Use Only)
2312,Weapons discovery,Suspicious Activity MO (SAR Use Only)
2313,Finance,Suspicious Activity MO (SAR Use Only)
2314,TSC hit,Suspicious Activity MO (SAR Use Only)
2315,Sector-Specific Incident (SSI),Suspicious Activity MO (SAR Use Only)
3001,T/C - Veh vs Non-collision,Traffic Collision MO (CAD Use Only)
3002,T/C - Officer Involved T/C,Traffic Collision MO (CAD Use Only)
3003,T/C - Veh vs Ped,Traffic Collision MO (CAD Use Only)
3004,T/C - Veh vs Veh,Traffic Collision MO (CAD Use Only)
3005,T/C - Veh vs Veh on other roadway,Traffic Collision MO (CAD Use Only)
3006,T/C - Veh vs Parked Veh,Traffic Collision MO (CAD Use Only)
3007,T/C - Veh vs Train,Traffic Collision MO (CAD Use Only)
3008,T/C - Veh vs Bike,Traffic Collision MO (CAD Use Only)
3009,T/C - Veh vs M/C,Traffic Collision MO (CAD Use Only)
3010,T/C - Veh vs Animal,Traffic Collision MO (CAD Use Only)
3011,T/C - Veh vs Fixed Object,Traffic Collision MO (CAD Use Only)
3012,T/C - Veh vs Other Object,Traffic Collision MO (CAD Use Only)
3013,T/C - M/C vs Veh,Traffic Collision MO (CAD Use Only)
3014,T/C - M/C vs Fixed Object,Traffic Collision MO (CAD Use Only)
3015,T/C - M/C vs Other,Traffic Collision MO (CAD Use Only)
3016,T/C - Bike vs Veh,Traffic Collision MO (CAD Use Only)
3017,T/C - Bike vs Train,Traffic Collision MO (CAD Use Only)
3018,T/C - Bike vs Other,Traffic Collision MO (CAD Use Only)
3019,T/C - Train vs Veh,Traffic Collision MO (CAD Use Only)
3020,T/C - Train vs Train,Traffic Collision MO (CAD Use Only)
3021,T/C - Train vs Bike,Traffic Collision MO (CAD Use Only)
3022,T/C - Train vs Ped,Traffic Collision MO (CAD Use Only)
3023,T/C - Train vs Fixed Object,Traffic Collision MO (CAD Use Only)
3024,T/C - (A) Severe Injury,Traffic Collision MO (CAD Use Only)
3025,T/C - (B) Visible Injury,Traffic Collision MO (CAD Use Only)
3026,T/C - (C) Complaint of Injury,Traffic Collision MO (CAD Use Only)
3027,T/C - (K) Fatal Injury,Traffic Collision MO (CAD Use Only)
3028,T/C - (N) Non Injury,Traffic Collision MO (CAD Use Only)
3029,T/C - Hit and Run Fel,Traffic Collision MO (CAD Use Only)
3030,T/C - Hit and Run Misd,Traffic Collision MO (CAD Use Only)
3032,T/C - Private Property - Yes,Traffic Collision MO (CAD Use Only)
3033,T/C - Private Property - No,Traffic Collision MO (CAD Use Only)
3034,T/C - City Property Involved - Yes,Traffic Collision MO (CAD Use Only)
3035,T/C - City Property Involved - No,Traffic Collision MO (CAD Use Only)
3036,T/C - At Intersection - Yes,Traffic Collision MO (CAD Use Only)
3037,T/C - At Intersection - No,Traffic Collision MO (CAD Use Only)
3038,T/C - DUI Felony,Traffic Collision MO (CAD Use Only)
3039,T/C - DUI Misdemeanor,Traffic Collision MO (CAD Use Only)
3040,T/C - Resulting from Street Racing/Speed Exhibition,Traffic Collision MO (CAD Use Only)
3062,T/C - Bicyclist in Bicycle Lane,Traffic Collision MO (CAD Use Only)
3063,T/C - E-Bike,Traffic Collision MO (CAD Use Only)
3064,T/C - Motorized Scooter,Traffic Collision MO (CAD Use Only)
3101,T/C - PCF (A) In the Narrative,Traffic Collision MO (CAD Use Only)
3102,T/C - PCF (B) Other Improper Driving,Traffic Collision MO (CAD Use Only)
3103,T/C - PCF (C) Other Than Driver,Traffic Collision MO (CAD Use Only)
3104,T/C - PCF (D) Unk,Traffic Collision MO (CAD Use Only)
3201,T/C - Weather/Lighting/Roadway,Traffic Collision MO (CAD Use Only)
3301,T/C - Traffic Control Devices,Traffic Collision MO (CAD Use Only)
3401,T/C - Type of Collision,Traffic Collision MO (CAD Use Only)
3501,T/C - Ped Actions,Traffic Collision MO (CAD Use Only)
3601,T/C - Special Information and Other,Traffic Collision MO (CAD Use Only)
3602,T/C - Unlicensed motorist,Traffic Collision MO (CAD Use Only)
3603,T/C - Bicyclists colliding into opened vehicle door,Traffic Collision MO (CAD Use Only)
3701,T/C - Movement Preceding Collision,Traffic Collision MO (CAD Use Only)
3801,T/C - Sobriety,Traffic Collision MO (CAD Use Only)
3901,T/C - Safety Equipment,Traffic Collision MO (CAD Use Only)
4001,T/C - Central,Traffic Collision MO (CAD Use Only)
4002,T/C - Rampart,Traffic Collision MO (CAD Use Only)
4003,T/C - Southwest,Traffic Collision MO (CAD Use Only)
4004,T/C - Hollenbeck,Traffic Collision MO (CAD Use Only)
4005,T/C - Harbor,Traffic Collision MO (CAD Use Only)
4006,T/C- Hollywood,Traffic Collision MO (CAD Use Only)
4007,T/C - Wilshire,Traffic Collision MO (CAD Use Only)
4008,T/C - West Los Angeles,Traffic Collision MO (CAD Use Only)
4009,T/C - Van Nuys,Traffic Collision MO (CAD Use Only)
4010,T/C - West Valley,Traffic Collision MO (CAD Use Only)
4011,T/C - Northeast,Traffic Collision MO (CAD Use Only)
4012,T/C - 77th,Traffic Collision MO (CAD Use Only)
4013,T/C - Newton,Traffic Collision MO (CAD Use Only)
4014,T/C - Pacific,Traffic Collision MO (CAD Use Only)
4015,T/C - North Hollywood,Traffic Collision MO (CAD Use Only)
4016,T/C - Foothill,Traffic Collision MO (CAD Use Only)
4017,T/C - Devonshire,Traffic Collision MO (CAD Use Only)
4018,T/C - Southeast,Traffic Collision MO (CAD Use Only)
4019,T/C - Mission,Traffic Collision MO (CAD Use Only)
4020,T/C - Olympic,Traffic Collision MO (CAD Use Only)
4021,T/C - Topanga,Traffic Collision MO (CAD Use Only)
4024,T/C - Central Traffic (CTD),Traffic Collision MO (CAD Use Only)
4025,T/C - South Traffic (STD),Traffic Collision MO (CAD Use Only)
4026,T/C - Valley Traffic (VTD),Traffic Collision MO (CAD Use Only)
4027,T/C - West Traffic (WTD),Traffic Collision MO (CAD Use Only)
